재료명(key),사용된 레시피 수
-멸치견과류쌈장:다시마국물,1
10g,1
12g,1
2가지색미니파프리카30g,1
2가지색미니파프리카40g,1
2가지색미니파프리카70g,1
2가지색파프리카100g,1
2가지색파프리카20g,1
2배양조식초1.5g,1
3배식초0.5g,1
8g,1
가다랑어장국,1
가람마살라,1
가시오가피,1
가쯔오부시,1
가츠오부시,1
각얼음,1
각종새싹,1
간장소스설탕,1
감귤,1
감말랭이,1
감자튀김,1
감태,1
감태가루,1
강력쌀가루,1
강황,1
강황쌀,1
거피녹두,1
건곤드레,1
건곤드레나물,1
건도토리묵,1
건로즈메리,1
건무화과,1
건조다시마사방,1
건조체리,1
건취나물,1
건타임,1
건표고버섯불릴물,1
건함초,1
검은콩가루,1
검은콩튀밥,1
검정깨묵각각,1
겉절이양념,1
게살냉동,1
게피,1
겨자분말,1
견과류:아몬드,1
고구마칩,1
고기밑간다진파,1
고기완자양념생강즙,1
고수,1
고운고추가루,1
고추자,1
곤약국수,1
곤약면,1
곤약미,1
곤약쌀,1
골뱅이국물,1
골파,1
곰피,1
과메기,1
과일,1
구기자,1
국수,1
굵은면발라면,1
귤병,1
귤즙,1
귤통조림,1
그라놀라,1
그린비타민,1
그린빈,1
그린빈스,1
그린커리,1
금태,1
김밥용김,1
김치주머니소새우,1
깍두기,1
꼬치용꼬치,1
꽁치,1
꽁치살,1
나무막대기,1
낫토,1
냉이,1
넉맥,1
넛맥,1
넛맥가루,1
노란콩,1
노른자,1
녹차우린물,1
논우렁,1
누룽지가루,1
느타리벗서,1
다슬기살,1
다시물,1
다시팩,1
달걀삶은것,1
달래무침달래,1
닭날개,1
닭뼈육수재료닭뼈,1
닭살,1
닭육수닭다리,1
닭정육,1
대구,1
대두,1
대왕오징어채,1
대패삼겹살,1
데리야키소스,1
데미글라스,1
도토리가루,1
돈가스소스,1
돈나물,1
돈등심,1
돈민찌,1
동치미,1
동치미국물,1
동태살,1
돼기고기,1
돼지감자가루,1
돼지등갈비,1
돼지머리,1
두가지묵,1
뒤포리,1
디종머스터드,1
디포리,1
딜,1
따뜻한물,1
딸기쨈,1
땅콩호박,1
떡볶이양념파우더,1
라디치오,1
라이스페퍼,1
라임청,1
락교,1
래디시,1
레드크러쉬드페퍼,1
레몬그라스,1
레시틴가루,1
로메인상추,1
로즈마리마,1
루꼴라,1
루콜라,1
르네디종홀그레인머스터,1
리치캔,1
마른미역줄기,1
마카다미아,1
매실농축액,1
매실엑기스,1
매실원액,1
매실장아찌,1
머스터드소스,1
머스터드씨드,1
머스터드조스,1
머스터드파우더,1
머위대,1
머윗대,1
먹물,1
먹물가루,1
먹물파스타,1
멍게살,1
메닐튀밥,1
메밀묵,1
메이플시럽,1
메주가루,1
메주콩,1
멸치간장,1
멸치다시마육수,1
명란젓,1
명태,1
명태포,1
무가당코코아파우더,1
무우,1
무장아찌,1
무청,1
무청시래기,1
무청시래기불린것,1
무화과,1
묵말랭이,1
물김치국물,1
물미지근한것,1
물밤,1
물파래,1
물필요량,1
미니새송이,1
미더덕,1
믹서에갈아줌,1
민들레,1
민들레잎,1
민어,1
민트잎,1
민트장식용,1
밀가루박력분,1
바닐라빈,1
바닐라향,1
바케트,1
바케트빵,1
반죽쑥가루,1
반죽양념다진파,1
발사믹크레마,1
발사믹크림,1
발효겨자,1
방아잎,1
배사과소스배,1
백년초,1
백년초국수,1
백련초가루,1
백앙금,1
백합,1
버거빵,1
베이킹소다,1
병아리콩삶은물,1
병어,1
보라로즈케일,1
보리된장보리,1
보릿가루,1
복분자,1
복분자소스복분자,1
볶음밥쌀,1
볶음소스,1
볶음참깨,1
봄동,1
부챗살,1
분유,1
브러컬리,1
블랙올리브파우더,1
블랙초콜릿,1
빠금장소스빠금장,1
뽕잎국수,1
사각라이스페이퍼,1
사과드레싱식초,1
산딸기,1
살라미,1
살사소스,1
삼계탕용닭,1
삼계탕티백,1
삼색분말,1
상추/로메인,1
새뱅이,1
새송이벗서,1
생면,1
생밤,1
생수,1
생청국장,1
석류원액,1
석류주스,1
석류즙,1
석박지,1
셀러리줄기,1
소금물,1
소다진쇠고기,1
소등심,1
소스,1
소채끝살,1
쇠고기구이용,1
쇠고기사태,1
쇠고기살코기,1
쇠고기샄코기,1
쇠고기안심,1
쇠고기양념장생강즙,1
수란,1
수박껍질,1
수박속껍질,1
수제조미료,1
스리라차,1
스위트칠리,1
스테이크반죽곤약,1
스테이크시즈닝,1
시래기불린것,1
시레기,1
시판누룽지,1
시판크루통,1
식물성생크림,1
신선초,1
실치,1
쌀겨,1
쌀국수가는것,1
쌀떡,1
쌀소면,1
쌀튀밥,1
쌈채,1
쌈추,1
썬쇠고기,1
쑥파우더,1
씨겨자,1
아가베시럽,1
아이스크림,1
알룰로스가루,1
알토란,1
알파벳파스타,1
애플민트잎,1
앤다이브,1
앤쵸비,1
야채국물,1
양고기,1
양념장,1
양장피면,1
양지육,1
어린싹,1
어린채소,1
얼린포도알,1
얼린홍시,1
연두부큰것,1
열무,1
엿기름,1
오가피,1
오곡,1
오곡밥,1
오릴브오일,1
오미자물,1
오미자액,1
오미자엑기스,1
오미자청,1
옥수수가루,1
옥수수가루플렌타가루,1
옥수수알,1
옥수수콘,1
올리브,1
올방개묵,1
와사미,1
와사비갠것,1
요플레,1
우동,1
우동면,1
우렁,1
우렁이,1
우목심,1
우무묵,1
우삼겹,1
우스터소스,1
우육,1
울금가루,1
유자,1
유자앙금,1
유자필,1
육수대파,1
육수마늘,1
육수용멸치,1
이태리시즈닝,1
익힌전복내장,1
일식된장미소,1
잎녹차,1
자몽주수,1
잔새우살,1
잡곡밥,1
잡곡밥흑미검은콩,1
잣바질페이소스,1
재래된장콩,1
재료,1
적겨자,1
적근대,1
적포도주,1
전립분,1
절임물,1
절임올리브,1
절편,1
제빵개량제,1
조개살,1
조갯살,1
좁쌀,1
주먹밥데친꼬막살,1
죽순통조림,1
증편,1
진달래꽃,1
진미채,1
쪽갈비,1
쫄면사리,1
쭈꾸미,1
찜갈비,1
찰깨빵,1
찰보리,1
참께,1
참다래,1
참마,1
참취,1
채소국물,1
천연다시다,1
천연조미료,1
청,1
청·홍고추,1
청경재,1
청고주,1
청상추,1
청홍고추각각,1
치아바타,1
치자국수,1
치킨스톡,1
카스테라,1
카스텔라가루,1
카엔패퍼,1
카엔페퍼,1
카옌페퍼,1
카카오매스,1
칼국수면,1
커리가루,1
커리소스,1
커민파우더,1
커피,1
케이엔페퍼,1
케이퍼,1
코리앤더가루,1
코리앤더씨드,1
코리앤더파우더,1
코코넛,1
코코넛워터,1
코코아,1
콩국물,1
콩물,1
쿠스쿠스,1
큐민파우더,1
크래비,1
크래커,1
크레미,1
크린베리,1
클로렐라가루,1
키엔페퍼,1
키조개관자,1
타바스코,1
타비스코소스,1
탈리아텔레,1
탈지분유,1
토르티야,1
토막낸닭,1
톳나물,1
통계피,1
통도라지,1
통삼겹살,1
통조림단팥장식용,1
통조림콩,1
통후추부순것,1
파래,1
파마산가루,1
파마산치즈가루,1
파스리가루,1
파인소프트C,1
파인소프트T,1
파채,1
파트페레멘테,1
판곤약,1
팔각,1
팥앙금,1
팽이,1
페이스트,1
페페론치노,1
펜넬파스타,1
포도주,1
포카치아빵,1
포항초,1
표고,1
표고버섯기둥,1
표고버섯밑동,1
푸룬,1
피쉬소스,1
피시볼반죽검은콩,1
피칸,1
핑크페퍼,1
한돈,1
한천가루,1
해선장,1
해조국수,1
허니머스터드소스,1
허브가루,1
허브오일드레싱저염소금,1
허브크러스트,1
헤이즐넛,1
현미식초,1
현미쌀가루,1
호떡반죽,1
혼다랑어가쓰오부시,1
혼합견과,1
홀그레인,1
홀그레인머스터즈,1
홀스레디쉬,1
홍고추마른것,1
홍새우튀김,1
홍합살,1
화이트초콜릿,1
황도,1
후르츠칵테일,1
후추적당량,1
훈제닭가슴살,1
훈제오리,1
훈제오리가슴살,1
훈제파프리카파우더,1
흑마늘진액,1
흰강낭콩,1
흰깨,1
흰로즈케일,1
흰앙금,1
흰추후,1
ghen,1
L.A갈비,1
가루녹차,2
가자미살,2
갈치,2
건조미역줄기,2
검정콩,2
겨잣가루,2
골뱅이,2
귤,2
기름,2
김가루,2
깐밤,2
꼬막,2
꼬치,2
낙지다리,2
녹말물,2
녹차,2
느타리,2
다크초콜릿,2
단감,2
닭다릿살,2
닭뼈,2
닭안심살,2
당귀잎,2
도미,2
돼지목살,2
들깨,2
등갈비,2
디존머스타드,2
라면스프,2
레몬소금,2
레몬소스설탕,2
르뱅발효종,2
맛살,2
망고퓨레,2
맥주,2
머스타드,2
멥쌀가루,2
무말랭이,2
미니,2
바닐라에센스,2
박력쌀가루,2
백후춧가루,2
보리쌀,2
복숭아,2
북어,2
북어채,2
비름나물,2
비타민,2
뽕잎가루,2
사이다,2
산마,2
생김,2
생선살,2
생이스트,2
석류,2
세발나물,2
소라,2
소불고기,2
쇠고기양지,2
수박,2
순무,2
슈가파우더,2
시래기,2
식혜,2
쌀국수,2
쌈무,2
쑥가루,2
아귀,2
아몬드우유,2
영콘,2
오레가노가루,2
오이고추,2
오트밀,2
요리술,2
우민찌,2
워터크레스,2
인스턴트드라이이스트,2
인스턴트이스트,2
잡곡,2
잣가루,2
제철과일,2
조기,2
조미술,2
조선무,2
조청,2
족발,2
쥬키니호박,2
청포도,2
카카오닙스,2
커민,2
케찹,2
코코넛우유,2
콩고기,2
퀴노아,2
크래미,2
크렌베리,2
타가토스,2
토란,2
통조림햄,2
파래김,2
파스타,2
패주,2
푸실리,2
피스타치오,2
할라피뇨피클,2
해초,2
허브타르타르드레싱양파,2
현미찹쌀,2
호박가루,2
황태채,2
황태포,2
가쓰오부시,3
가자미,3
게맛살,3
계피,3
고구마순,3
고추냉이,3
광어,3
근대,3
까나리액젓,3
닭,3
닭봉,3
도미살,3
도토리묵,3
돌나물,3
동태포,3
돼지갈비,3
두반장,3
라임,3
라임주스,3
라임즙,3
라즈베리,3
레드어니언,3
렌틸콩,3
로메인,3
로즈메리,3
막걸리,3
멜론,3
베이비채소,3
부순참깨,3
블랙올리브,3
새송이,3
서리태,3
소라살,3
소면,3
수수,3
스리라차소스,3
쌀뜨물,3
쌈두부,3
쑥,3
아욱,3
얼음,3
연유,3
오레가노마른것,3
육수멸치,3
율무,3
자몽,3
정향,3
조,3
주키니호박,3
차돌박이,3
차이브,3
천도복숭아,3
청국장,3
춘권피,3
카스텔라,3
캔옥수수,3
컬리플라워,3
타임마른것,3
파르메산치즈가루,3
표고버섯가루,3
한천,3
할라피뇨,3
해바라기씨,3
황태머리,3
강낭콩,4
게살,4
곤드레나물,4
귀리밥,4
날치알,4
녹차가루,4
대구살,4
두릅,4
딸기잼,4
또띠아,4
래디쉬,4
레디쉬,4
만두피,4
망고,4
바게트,4
배춧잎,4
백일송이,4
버섯마늘소금,4
보리,4
슬라이스햄,4
쌈장,4
액젓,4
와인,4
요구르트,4
장어,4
젓갈,4
젤라틴,4
조랭이떡,4
죽순,4
치자,4
치자가루,4
코다리,4
코코넛밀크,4
코코넛오일,4
콩,4
콩비지,4
함초가루,4
호박,4
호상요구르트,4
홀그레인머스터드,4
홍초,4
흑미,4
흰살생선,4
검정깨,5
겨자,5
굴,5
꽃게,5
날콩가루,5
누룽지,5
달걀지단,5
달래,5
돼지호박,5
매생이,5
멥쌀,5
문어,5
민트,5
배즙,5
백미,5
삼치,5
셀러리,5
소주,5
애플민트,5
조개,5
중력분,5
청국장가루,5
청포묵,5
콜라비,5
톳,5
통삼겹,5
포도,5
표고버섯마른것,5
피클,5
피클링스파이스,5
호박잎,5
황태,5
